Ac,Date,Transaction,Transaction_amount,Transaction_Type,Balance
260874582,12/31/2021,Incentive,34085,D,783175
279806772,12/30/2021,Incentive,5298,D,1533515
488540177,12/27/2021,Rent-payment,49305,W,810355
277917580,12/25/2021,Fuel,13567,W,221302
411482222,12/25/2021,Friend,31943,D,886928
277917580,12/24/2021,Online-Shopping,35336,W,234869
411482222,12/24/2021,Other,16228,W,854985
411482222,12/22/2021,Online-Shopping,41387,W,871213
277917580,12/21/2021,Online-Shopping,10314,W,270205
260874582,12/21/2021,Salary,9418,D,749090
411482222,12/20/2021,Fuel,39539,W,912600
488540177,12/20/2021,Salary,37503,D,904173
488540177,12/20/2021,Rent-payment,44513,W,859660
260874582,12/15/2021,Bank-transfered,26840,W,739672
279806772,12/15/2021,Rent-payment,17254,W,1528217
277917580,12/14/2021,Bank-transfered,16407,W,280519
277917580,12/13/2021,Incentive,7180,D,296926
411482222,12/12/2021,Rent-payment,41831,W,952139
277917580,12/9/2021,Friend,42102,D,289746
411482222,12/9/2021,Salary,6444,D,993970
277917580,12/8/2021,Other,34966,D,247644
260874582,12/8/2021,Fuel,28696,W,766512
279806772,12/8/2021,Other,29817,W,1545471
277917580,12/4/2021,Friend,24720,D,212678
488540177,11/30/2021,Fuel,21811,W,866670
488540177,11/28/2021,Other,22976,D,888481
260874582,11/27/2021,Incentive,47703,D,795208
260874582,11/25/2021,Salary,8492,D,747505
411482222,11/24/2021,Friend,14898,D,987526
277917580,11/23/2021,Online-Shopping,45742,W,187958
277917580,11/21/2021,Online-Shopping,5115,W,233700
260874582,11/20/2021,Fuel,20552,W,739013
279806772,11/20/2021,Incentive,11538,D,1619875
279806772,11/20/2021,Fuel,44587,W,1575288
277917580,11/18/2021,Salary,36059,D,238815
260874582,11/16/2021,Other,46907,W,759565
260874582,11/15/2021,Rent-payment,48365,W,806472
260874582,11/14/2021,Rent-payment,42559,W,854837
488540177,11/12/2021,Friend,8705,D,865505
260874582,11/10/2021,Friend,49200,D,897396
488540177,11/10/2021,Friend,32509,D,848698
488540177,11/10/2021,Salary,49647,D,898345
488540177,11/10/2021,Credit-bill,41545,W,856800
411482222,11/9/2021,Other,2074,D,972628
277917580,11/8/2021,Salary,15553,D,202756
411482222,11/8/2021,Rent-payment,19088,W,970554
260874582,11/7/2021,Other,49832,W,848196
279806772,11/6/2021,Online-Shopping,3871,W,1608337
260874582,11/5/2021,Other,5214,W,898028
411482222,11/5/2021,Rent-payment,40748,W,989642
260874582,11/4/2021,Incentive,46719,D,903242
277917580,11/3/2021,Credit-bill,8000,W,187203
277917580,11/1/2021,Other,49194,D,195203
488540177,10/31/2021,Salary,6186,D,816189
260874582,10/30/2021,Online-Shopping,12874,W,856523
279806772,10/30/2021,Fuel,9130,W,1612208
411482222,10/29/2021,Credit-bill,38239,W,1030390
488540177,10/27/2021,Credit-bill,49254,W,810003
279806772,10/23/2021,Other,26343,D,1621338
260874582,10/21/2021,Incentive,44097,D,869397
411482222,10/21/2021,Friend,36048,D,1068629
279806772,10/21/2021,Online-Shopping,4250,W,1594995
279806772,10/20/2021,Incentive,21561,D,1599245
411482222,10/19/2021,Rent-payment,13144,W,1032581
279806772,10/18/2021,Other,27609,D,1577684
411482222,10/17/2021,Friend,9192,D,1045725
411482222,10/15/2021,Bank-transfered,11011,W,1036533
411482222,10/14/2021,Bank-transfered,47888,W,1047544
260874582,10/13/2021,Other,14810,W,825300
277917580,10/11/2021,Incentive,8523,D,146009
260874582,10/11/2021,Other,49526,D,840110
260874582,10/8/2021,Friend,37191,D,790584
260874582,10/7/2021,Salary,36643,D,753393
411482222,10/6/2021,Incentive,32974,D,1095432
277917580,10/5/2021,Incentive,37247,D,137486
277917580,10/4/2021,Salary,40037,D,100239
488540177,10/2/2021,Other,1058,D,859257
488540177,10/1/2021,Online-Shopping,42687,W,858199
260874582,9/28/2021,Friend,12028,D,716750
279806772,9/28/2021,Salary,45391,D,1550075
488540177,9/26/2021,Fuel,26342,W,900886
411482222,9/23/2021,Credit-bill,45462,W,1062458
279806772,9/23/2021,Credit-bill,19967,W,1504684
411482222,9/22/2021,Other,47296,W,1107920
260874582,9/20/2021,Bank-transfered,20932,W,704722
411482222,9/20/2021,Rent-payment,45334,W,1155216
411482222,9/18/2021,Fuel,31328,W,1200550
411482222,9/15/2021,Other,20409,D,1231878
277917580,9/14/2021,Salary,38018,D,60202
411482222,9/13/2021,Friend,5290,D,1211469
488540177,9/13/2021,Rent-payment,18612,W,927228
411482222,9/12/2021,Rent-payment,31038,W,1206179
488540177,9/11/2021,Other,48544,W,945840
260874582,9/10/2021,Salary,26061,D,725654
277917580,9/9/2021,Rent-payment,17624,W,22184
260874582,9/9/2021,Other,40609,W,676501
260874582,9/9/2021,Salary,35111,D,711612
260874582,9/9/2021,Other,12019,W,699593
260874582,9/8/2021,Salary,4732,D,717110
411482222,9/7/2021,Other,22291,D,1237217
411482222,9/6/2021,Incentive,5022,D,1214926
277917580,9/5/2021,Online-Shopping,12149,W,39808
260874582,9/5/2021,Fuel,14199,W,712378
279806772,9/5/2021,Online-Shopping,42536,W,1524651
488540177,9/4/2021,Salary,35026,D,994384
279806772,9/4/2021,Other,48886,D,1567187
260874582,9/1/2021,Other,48373,W,726577
260874582,8/25/2021,Salary,24121,D,774950
411482222,8/23/2021,Salary,48866,D,1209904
488540177,8/23/2021,Friend,39142,D,959358
488540177,8/21/2021,Salary,18525,D,920216
411482222,8/20/2021,Salary,24172,D,1161038
411482222,8/18/2021,Credit-bill,2796,W,1136866
411482222,8/17/2021,Online-Shopping,14202,W,1139662
277917580,8/16/2021,Friend,12438,D,51957
279806772,8/15/2021,Friend,49123,D,1518301
411482222,8/13/2021,Salary,14866,D,1153864
279806772,8/13/2021,Credit-bill,29357,W,1469178
277917580,8/7/2021,Rent-payment,32303,W,39519
488540177,8/7/2021,Fuel,6489,W,901691
277917580,8/6/2021,Rent-payment,13031,W,71822
411482222,8/6/2021,Rent-payment,37174,W,1138998
488540177,8/3/2021,Other,4616,D,908180
411482222,7/28/2021,Friend,43412,D,1176172
277917580,7/27/2021,Friend,38893,D,84853
279806772,7/27/2021,Incentive,44696,D,1498535
260874582,7/26/2021,Other,33222,D,750829
411482222,7/24/2021,Online-Shopping,18861,W,1132760
488540177,7/24/2021,Salary,6786,D,903564
279806772,7/24/2021,Other,21416,D,1453839
260874582,7/22/2021,Other,32124,D,717607
411482222,7/22/2021,Friend,5471,D,1151621
279806772,7/22/2021,Fuel,44526,W,1432423
260874582,7/20/2021,Other,7938,W,685483
411482222,7/19/2021,Other,11532,D,1146150
277917580,7/17/2021,Other,2564,D,45960
488540177,7/17/2021,Salary,1580,D,896778
279806772,7/17/2021,Rent-payment,49181,W,1476949
411482222,7/13/2021,Online-Shopping,43018,W,1134618
279806772,7/13/2021,Other,18733,W,1526130
411482222,7/12/2021,Other,18894,W,1177636
411482222,7/11/2021,Incentive,18941,D,1196530
277917580,7/10/2021,Credit-bill,43189,W,43396
488540177,7/10/2021,Fuel,43386,W,895198
277917580,7/9/2021,Other,41676,W,86585
411482222,7/8/2021,Other,5258,W,1177589
260874582,7/5/2021,Other,6674,D,693421
411482222,7/5/2021,Other,9526,W,1182847
488540177,7/4/2021,Bank-transfered,6416,W,938584
279806772,7/1/2021,Incentive,16112,D,1544863
260874582,6/30/2021,Credit-bill,46503,W,686747
277917580,6/28/2021,Other,28336,W,155087
277917580,6/28/2021,Bank-transfered,26826,W,128261
260874582,6/25/2021,Fuel,18946,W,733250
411482222,6/24/2021,Other,18506,W,1192373
488540177,6/24/2021,Friend,24433,D,945000
488540177,6/22/2021,Salary,39024,D,920567
279806772,6/20/2021,Incentive,35991,D,1528751
411482222,6/19/2021,Fuel,23779,W,1210879
488540177,6/19/2021,Incentive,31098,D,881543
260874582,6/17/2021,Friend,3017,D,752196
279806772,6/17/2021,Rent-payment,28113,W,1492760
411482222,6/15/2021,Fuel,16152,W,1240673
411482222,6/15/2021,Bank-transfered,6015,W,1234658
260874582,6/14/2021,Other,26144,W,688671
260874582,6/14/2021,Incentive,14249,D,702920
260874582,6/14/2021,Salary,46259,D,749179
277917580,6/13/2021,Salary,24196,D,183423
277917580,6/12/2021,Rent-payment,41917,W,159227
277917580,6/10/2021,Fuel,12067,W,201144
279806772,6/9/2021,Salary,45364,D,1520873
488540177,6/8/2021,Other,3391,D,850445
260874582,6/5/2021,Credit-bill,17377,W,714815
411482222,6/3/2021,Friend,49045,D,1256825
277917580,5/31/2021,Incentive,43211,D,213211
260874582,5/31/2021,Online-Shopping,47272,W,773108
260874582,5/31/2021,Rent-payment,40916,W,732192
488540177,5/29/2021,Incentive,26128,D,847054
277917580,5/28/2021,Friend,7469,D,170000
488540177,5/28/2021,Rent-payment,7581,W,820926
277917580,5/27/2021,Online-Shopping,20484,W,162531
260874582,5/26/2021,Friend,41126,D,820380
277917580,5/25/2021,Online-Shopping,12160,W,183015
411482222,5/23/2021,Friend,23906,D,1207780
279806772,5/23/2021,Credit-bill,49295,W,1475509
260874582,5/21/2021,Salary,38949,D,779254
277917580,5/20/2021,Salary,9350,D,195175
411482222,5/20/2021,Salary,15211,D,1183874
279806772,5/18/2021,Credit-bill,35250,W,1524804
411482222,5/17/2021,Friend,7775,D,1168663
279806772,5/17/2021,Online-Shopping,33611,W,1560054
277917580,5/14/2021,Incentive,47592,D,214069
277917580,5/14/2021,Bank-transfered,28244,W,185825
411482222,5/12/2021,Salary,37286,D,1160888
411482222,5/11/2021,Other,2803,W,1123602
488540177,5/10/2021,Credit-bill,14337,W,828507
277917580,5/9/2021,Fuel,41826,W,166477
260874582,5/9/2021,Other,35520,D,740305
488540177,5/8/2021,Salary,21454,D,842844
260874582,5/7/2021,Friend,9597,D,704785
260874582,5/4/2021,Incentive,28597,D,695188
279806772,5/2/2021,Other,25312,D,1593665
488540177,5/1/2021,Incentive,3247,D,798906
488540177,5/1/2021,Other,22484,D,821390
488540177,4/30/2021,Credit-bill,41652,W,795659
260874582,4/29/2021,Bank-transfered,7663,W,666591
260874582,4/28/2021,Credit-bill,2946,W,633469
260874582,4/28/2021,Incentive,40785,D,674254
279806772,4/25/2021,Rent-payment,46582,W,1568353
277917580,4/24/2021,Salary,6956,D,208303
411482222,4/24/2021,Incentive,49378,D,1126405
488540177,4/23/2021,Other,2934,D,837311
277917580,4/22/2021,Friend,49052,D,201347
260874582,4/21/2021,Friend,18762,D,636415
411482222,4/21/2021,Online-Shopping,35817,W,1077027
488540177,4/18/2021,Rent-payment,34388,W,834377
260874582,4/17/2021,Online-Shopping,45919,W,617653
277917580,4/16/2021,Friend,25198,D,152295
279806772,4/16/2021,Friend,6436,D,1614935
279806772,4/15/2021,Other,35621,D,1608499
488540177,4/14/2021,Other,5174,W,868765
277917580,4/13/2021,Other,37898,W,127097
488540177,4/13/2021,Other,11777,D,873939
279806772,4/11/2021,Bank-transfered,45055,W,1572878
488540177,4/10/2021,Other,10370,D,862162
277917580,4/6/2021,Other,29446,W,164995
260874582,4/5/2021,Online-Shopping,36922,W,663572
279806772,4/5/2021,Friend,39632,D,1617933
488540177,4/4/2021,Friend,9489,D,851792
411482222,3/29/2021,Rent-payment,23872,W,1112844
277917580,3/28/2021,Friend,17528,D,194441
411482222,3/28/2021,Incentive,46179,D,1136716
279806772,3/28/2021,Rent-payment,7666,W,1578301
277917580,3/27/2021,Salary,16523,D,176913
260874582,3/26/2021,Bank-transfered,5164,W,700494
411482222,3/26/2021,Credit-bill,27060,W,1090537
277917580,3/24/2021,Credit-bill,35116,W,160390
488540177,3/22/2021,Online-Shopping,46793,W,842303
411482222,3/21/2021,Online-Shopping,2094,W,1117597
411482222,3/12/2021,Salary,19625,D,1119691
488540177,3/9/2021,Friend,1091,D,889096
260874582,3/8/2021,Fuel,36996,W,705658
279806772,3/7/2021,Online-Shopping,36602,W,1585967
411482222,3/2/2021,Credit-bill,33563,W,1100066
279806772,3/1/2021,Bank-transfered,14407,W,1622569
488540177,2/26/2021,Fuel,7861,W,888005
277917580,2/23/2021,Rent-payment,32042,W,195506
488540177,2/23/2021,Rent-payment,45940,W,895866
279806772,2/23/2021,Other,49467,D,1636976
260874582,2/21/2021,Salary,5688,D,742654
277917580,2/20/2021,Incentive,25423,D,227548
277917580,2/19/2021,Incentive,14651,D,202125
260874582,2/19/2021,Fuel,23801,W,736966
411482222,2/17/2021,Incentive,35868,D,1133629
279806772,2/17/2021,Salary,36562,D,1587509
277917580,2/15/2021,Bank-transfered,46083,W,187474
488540177,2/15/2021,Online-Shopping,7673,W,941806
277917580,2/14/2021,Online-Shopping,42029,W,233557
411482222,2/13/2021,Incentive,23188,D,1097761
279806772,2/11/2021,Other,14390,W,1550947
277917580,2/10/2021,Fuel,46867,W,275586
488540177,2/8/2021,Other,41629,D,949479
411482222,2/7/2021,Fuel,40754,W,1054281
411482222,2/7/2021,Salary,20292,D,1074573
488540177,2/7/2021,Other,43910,D,907850
411482222,2/6/2021,Incentive,27747,D,1095035
488540177,2/6/2021,Bank-transfered,21254,W,863940
488540177,2/3/2021,Salary,49631,D,868824
488540177,2/3/2021,Friend,16370,D,885194
411482222,2/2/2021,Friend,34417,D,1067288
279806772,2/2/2021,Incentive,43591,D,1565337
260874582,2/1/2021,Friend,29935,D,760767
411482222,2/1/2021,Other,45641,D,1066713
411482222,2/1/2021,Rent-payment,33842,W,1032871
488540177,2/1/2021,Incentive,28472,D,819193
277917580,1/28/2021,Bank-transfered,35944,W,322453
279806772,1/28/2021,Rent-payment,4692,W,1521746
277917580,1/27/2021,Rent-payment,12161,W,358397
279806772,1/27/2021,Online-Shopping,37020,W,1526438
277917580,1/23/2021,Salary,22791,D,370558
488540177,1/23/2021,Friend,15537,D,790721
279806772,1/22/2021,Other,31110,D,1563458
277917580,1/21/2021,Bank-transfered,31829,W,347767
260874582,1/21/2021,Fuel,47994,W,730832
411482222,1/21/2021,Salary,28099,D,1021072
277917580,1/20/2021,Online-Shopping,1196,W,379596
277917580,1/17/2021,Fuel,7243,W,380792
260874582,1/17/2021,Other,21596,D,778826
411482222,1/16/2021,Friend,41095,D,992973
411482222,1/15/2021,Fuel,9076,W,951878
279806772,1/15/2021,Credit-bill,14871,W,1532348
260874582,1/10/2021,Online-Shopping,15803,W,757230
411482222,1/10/2021,Rent-payment,19038,W,931585
411482222,1/10/2021,Salary,29369,D,960954
279806772,1/10/2021,Incentive,46812,D,1547219
279806772,1/9/2021,Bank-transfered,19323,W,1500407
279806772,1/8/2021,Salary,5817,D,1519730
260874582,1/6/2021,Bank-transfered,30320,W,773033
277917580,1/5/2021,Bank-transfered,22211,W,388035
411482222,1/4/2021,Incentive,33384,D,950623
277917580,1/3/2021,Friend,35481,D,410246
411482222,1/1/2021,Bank-transfered,12644,W,917239
279806772,1/1/2021,Other,10057,D,1513913
277917580,12/31/2020,Other,7476,W,374765
277917580,12/28/2020,Other,27776,D,382241
411482222,12/28/2020,Salary,8878,D,929883
279806772,12/28/2020,Incentive,30766,D,1503856
260874582,12/25/2020,Other,23131,D,803353
260874582,12/24/2020,Other,45326,D,780222
260874582,12/23/2020,Salary,34660,D,734896
260874582,12/22/2020,Fuel,22884,W,700236
411482222,12/22/2020,Rent-payment,41676,W,921005
277917580,12/19/2020,Friend,28671,D,354465
260874582,12/19/2020,Friend,7125,D,723120
277917580,12/18/2020,Friend,17701,D,325794
277917580,12/17/2020,Incentive,33082,D,308093
260874582,12/17/2020,Friend,40194,D,715995
279806772,12/11/2020,Incentive,45323,D,1473090
277917580,12/10/2020,Salary,11424,D,275011
260874582,12/9/2020,Other,31612,W,675801
279806772,12/4/2020,Bank-transfered,48339,W,1427767
411482222,12/3/2020,Bank-transfered,33266,W,914474
411482222,12/3/2020,Other,48207,D,962681
277917580,12/2/2020,Salary,29041,D,263587
277917580,11/30/2020,Friend,22460,D,234546
260874582,11/28/2020,Rent-payment,31348,W,707413
411482222,11/27/2020,Other,29240,D,947740
488540177,11/27/2020,Credit-bill,3175,W,775184
488540177,11/26/2020,Other,36033,D,778359
279806772,11/26/2020,Incentive,38941,D,1476106
279806772,11/24/2020,Rent-payment,25585,W,1437165
488540177,11/19/2020,Online-Shopping,17954,W,742326
277917580,11/18/2020,Other,9591,W,212086
279806772,11/18/2020,Rent-payment,1414,W,1462750
260874582,11/17/2020,Other,33176,D,738761
411482222,11/15/2020,Fuel,5144,W,918500
411482222,11/14/2020,Friend,41522,D,923644
277917580,11/12/2020,Bank-transfered,25094,W,221677
277917580,11/10/2020,Fuel,10034,W,246771
260874582,11/10/2020,Rent-payment,11561,W,705585
277917580,11/8/2020,Bank-transfered,46855,W,256805
279806772,11/8/2020,Friend,1160,D,1464164
488540177,11/7/2020,Fuel,20405,W,760280
260874582,11/6/2020,Bank-transfered,42220,W,717146
411482222,11/6/2020,Incentive,49149,D,882122
277917580,11/5/2020,Other,20804,D,303660
260874582,11/3/2020,Salary,17372,D,759366
277917580,11/2/2020,Incentive,25884,D,282856
279806772,11/2/2020,Credit-bill,26579,W,1463004
277917580,11/1/2020,Incentive,11747,D,256972
488540177,11/1/2020,Salary,36467,D,737480
488540177,11/1/2020,Other,43205,D,780685
277917580,10/31/2020,Online-Shopping,48091,W,245225
488540177,10/31/2020,Other,37386,W,701013
260874582,10/29/2020,Other,35391,D,741994
260874582,10/26/2020,Credit-bill,17677,W,706603
411482222,10/24/2020,Bank-transfered,15770,W,832973
488540177,10/24/2020,Incentive,47892,D,738399
279806772,10/24/2020,Incentive,30393,D,1489583
488540177,10/23/2020,Fuel,35376,W,690507
279806772,10/23/2020,Online-Shopping,33642,W,1459190
277917580,10/22/2020,Salary,49346,D,293316
488540177,10/21/2020,Online-Shopping,19721,W,725883
279806772,10/21/2020,Online-Shopping,35360,W,1492832
260874582,10/20/2020,Friend,16201,D,724280
411482222,10/19/2020,Online-Shopping,45656,W,848743
260874582,10/17/2020,Rent-payment,32520,W,708079
279806772,10/17/2020,Credit-bill,49622,W,1528192
260874582,10/16/2020,Salary,29199,D,740599
411482222,10/16/2020,Salary,14855,D,894399
488540177,10/16/2020,Bank-transfered,30047,W,745604
260874582,10/15/2020,Salary,31152,D,711400
279806772,10/15/2020,Credit-bill,37756,W,1577814
279806772,10/12/2020,Friend,34235,D,1615570
260874582,10/8/2020,Friend,10105,D,680248
277917580,10/7/2020,Friend,20848,D,243970
411482222,10/7/2020,Other,44887,W,907197
411482222,10/7/2020,Rent-payment,27653,W,879544
279806772,10/6/2020,Credit-bill,6122,W,1581335
260874582,10/5/2020,Bank-transfered,48359,W,650448
260874582,10/5/2020,Incentive,19695,D,670143
411482222,10/3/2020,Rent-payment,43189,W,952084
277917580,10/2/2020,Incentive,21842,D,223122
279806772,10/2/2020,Rent-payment,17634,W,1587457
260874582,10/1/2020,Fuel,24935,W,698807
411482222,9/28/2020,Bank-transfered,3970,W,995273
279806772,9/26/2020,Friend,29248,D,1605091
411482222,9/23/2020,Other,29737,D,999243
488540177,9/22/2020,Salary,40312,D,775651
277917580,9/20/2020,Other,23755,D,201280
279806772,9/20/2020,Other,13500,D,1575843
279806772,9/18/2020,Online-Shopping,8789,W,1562343
411482222,9/16/2020,Salary,23155,D,969506
277917580,9/15/2020,Rent-payment,13397,W,177525
411482222,9/15/2020,Friend,5707,D,946351
488540177,9/14/2020,Friend,37832,D,735339
279806772,9/14/2020,Other,14504,D,1571132
411482222,9/13/2020,Fuel,4007,W,940644
260874582,9/11/2020,Other,23512,W,723742
411482222,9/10/2020,Credit-bill,13932,W,944651
277917580,9/9/2020,Credit-bill,22146,W,190922
279806772,9/7/2020,Friend,47619,D,1556628
279806772,8/31/2020,Rent-payment,47952,W,1509009
488540177,8/30/2020,Credit-bill,3607,W,697507
260874582,8/28/2020,Incentive,19132,D,747254
277917580,8/26/2020,Other,7953,W,213068
260874582,8/24/2020,Incentive,4743,D,728122
411482222,8/24/2020,Salary,38456,D,973209
411482222,8/24/2020,Bank-transfered,14626,W,958583
411482222,8/23/2020,Credit-bill,24689,W,934753
488540177,8/22/2020,Incentive,41053,D,701114
488540177,8/20/2020,Salary,31876,D,660061
411482222,8/18/2020,Friend,13931,D,959442
277917580,8/17/2020,Credit-bill,47229,W,221021
260874582,8/17/2020,Bank-transfered,49876,W,723379
260874582,8/13/2020,Incentive,22233,D,773255
277917580,8/12/2020,Fuel,9066,W,268250
411482222,8/12/2020,Salary,13304,D,945511
488540177,8/9/2020,Online-Shopping,25537,W,628185
411482222,8/7/2020,Rent-payment,35563,W,932207
277917580,8/6/2020,Other,36935,D,277316
260874582,8/4/2020,Salary,35527,D,751022
411482222,8/4/2020,Salary,30263,D,967770
488540177,8/2/2020,Fuel,44750,W,653722
277917580,8/1/2020,Salary,42559,D,240381
260874582,7/30/2020,Online-Shopping,11603,W,715495
411482222,7/28/2020,Fuel,16240,W,937507
279806772,7/27/2020,Credit-bill,6610,W,1544256
279806772,7/27/2020,Salary,12705,D,1556961
279806772,7/25/2020,Friend,19413,D,1550866
411482222,7/24/2020,Credit-bill,10553,W,967745
411482222,7/24/2020,Bank-transfered,13998,W,953747
279806772,7/24/2020,Online-Shopping,6639,W,1531453
260874582,7/23/2020,Salary,46160,D,727098
260874582,7/20/2020,Fuel,6530,W,680938
411482222,7/20/2020,Incentive,41918,D,978298
279806772,7/20/2020,Credit-bill,11419,W,1538092
277917580,7/19/2020,Rent-payment,7010,W,197822
488540177,7/18/2020,Bank-transfered,7104,W,698472
277917580,7/17/2020,Friend,34455,D,204832
260874582,7/17/2020,Other,6943,W,687468
488540177,7/15/2020,Bank-transfered,3519,W,658749
488540177,7/15/2020,Friend,46827,D,705576
488540177,7/14/2020,Rent-payment,30782,W,662268
260874582,7/11/2020,Other,43785,D,709689
260874582,7/11/2020,Credit-bill,15278,W,694411
411482222,7/11/2020,Other,35297,D,936380
411482222,7/10/2020,Incentive,14782,D,901083
279806772,7/9/2020,Incentive,43871,D,1549511
277917580,7/8/2020,Credit-bill,10127,W,170377
277917580,7/6/2020,Salary,41439,D,180504
488540177,7/4/2020,Incentive,30268,D,693050
488540177,6/30/2020,Salary,20902,D,662782
277917580,6/29/2020,Incentive,29520,D,139065
411482222,6/26/2020,Credit-bill,40735,W,886301
277917580,6/25/2020,Credit-bill,20683,W,109545
279806772,6/25/2020,Other,6150,D,1505640
277917580,6/24/2020,Incentive,48313,D,173550
277917580,6/24/2020,Fuel,43322,W,130228
260874582,6/23/2020,Incentive,48996,D,665904
488540177,6/23/2020,Salary,35130,D,641880
488540177,6/22/2020,Other,15176,D,606750
260874582,6/20/2020,Other,48139,W,616908
277917580,6/16/2020,Bank-transfered,29068,W,125237
277917580,6/13/2020,Fuel,36748,W,154305
260874582,6/13/2020,Other,34497,D,665047
411482222,6/11/2020,Incentive,8459,D,927036
488540177,6/11/2020,Fuel,11023,W,591574
279806772,6/11/2020,Fuel,22198,W,1499490
277917580,6/10/2020,Incentive,18086,D,191053
277917580,6/9/2020,Other,26967,D,172967
411482222,6/8/2020,Other,23598,D,918577
279806772,6/7/2020,Friend,17918,D,1521688
277917580,6/5/2020,Incentive,46002,D,146000
488540177,6/5/2020,Rent-payment,24265,W,602597
277917580,6/4/2020,Fuel,37215,W,99998
260874582,6/3/2020,Credit-bill,12055,W,630550
279806772,5/31/2020,Salary,21340,D,1503770
260874582,5/30/2020,Online-Shopping,7563,W,642605
277917580,5/29/2020,Other,14153,W,137213
277917580,5/28/2020,Friend,24137,D,151366
279806772,5/28/2020,Bank-transfered,23085,W,1482430
260874582,5/27/2020,Other,40404,D,650168
411482222,5/27/2020,Incentive,9072,D,894979
277917580,5/26/2020,Bank-transfered,49943,W,127229
488540177,5/25/2020,Credit-bill,48111,W,626862
279806772,5/25/2020,Fuel,37803,W,1505515
260874582,5/24/2020,Friend,32100,D,609764
411482222,5/24/2020,Online-Shopping,39532,W,885907
277917580,5/22/2020,Other,48940,W,177172
488540177,5/22/2020,Salary,24993,D,674973
411482222,5/21/2020,Salary,2688,D,925439
488540177,5/15/2020,Other,10368,D,649980
279806772,5/15/2020,Online-Shopping,46239,W,1543318
488540177,5/14/2020,Other,10468,W,639612
279806772,5/14/2020,Friend,1099,D,1589557
277917580,5/13/2020,Friend,49139,D,226112
411482222,5/13/2020,Salary,43053,D,922751
277917580,5/12/2020,Incentive,39417,D,176973
411482222,5/12/2020,Online-Shopping,17028,W,879698
279806772,5/10/2020,Other,23287,D,1588458
488540177,5/9/2020,Friend,28999,D,650080
277917580,5/8/2020,Other,22287,W,137556
277917580,5/7/2020,Fuel,24595,W,159843
260874582,5/6/2020,Bank-transfered,5091,W,577664
277917580,5/5/2020,Credit-bill,18400,W,146566
277917580,5/5/2020,Salary,37872,D,184438
260874582,5/4/2020,Friend,11961,D,582755
488540177,5/2/2020,Incentive,6426,D,621081
277917580,5/1/2020,Rent-payment,9221,W,164966
411482222,5/1/2020,Credit-bill,8222,W,896726
488540177,4/27/2020,Other,48951,D,614655
411482222,4/25/2020,Bank-transfered,38306,W,904948
260874582,4/24/2020,Friend,47044,D,570794
277917580,4/23/2020,Friend,46186,D,174187
279806772,4/23/2020,Online-Shopping,1380,W,1576758
279806772,4/23/2020,Other,11587,W,1565171
277917580,4/22/2020,Bank-transfered,23597,W,128001
279806772,4/21/2020,Other,3267,D,1578138
488540177,4/17/2020,Online-Shopping,45276,W,565704
277917580,4/15/2020,Incentive,25942,D,151598
260874582,4/14/2020,Salary,34205,D,523750
488540177,4/13/2020,Rent-payment,21513,W,610980
279806772,4/13/2020,Other,27972,W,1574871
488540177,4/10/2020,Credit-bill,49887,W,632493
260874582,4/9/2020,Fuel,32700,W,442681
260874582,4/9/2020,Incentive,46864,D,489545
488540177,4/9/2020,Bank-transfered,22432,W,656821
488540177,4/9/2020,Incentive,25559,D,682380
488540177,4/8/2020,Rent-payment,18957,W,679253
279806772,4/7/2020,Incentive,15971,D,1602843
488540177,4/5/2020,Friend,4303,D,698210
260874582,4/3/2020,Bank-transfered,12989,W,475381
277917580,4/2/2020,Incentive,17223,D,110579
277917580,4/2/2020,Other,15077,D,125656
488540177,3/31/2020,Other,21480,D,693907
279806772,3/31/2020,Credit-bill,1529,W,1586872
260874582,3/30/2020,Online-Shopping,43810,W,488370
277917580,3/29/2020,Fuel,5593,W,93356
411482222,3/29/2020,Friend,31287,D,943254
277917580,3/28/2020,Salary,20103,D,98949
488540177,3/28/2020,Bank-transfered,10853,W,672427
279806772,3/28/2020,Other,29792,D,1562257
279806772,3/28/2020,Incentive,26144,D,1588401
488540177,3/27/2020,Bank-transfered,45453,W,683280
488540177,3/26/2020,Friend,44788,D,728733
277917580,3/25/2020,Other,19757,W,58570
277917580,3/25/2020,Incentive,20276,D,78846
488540177,3/23/2020,Bank-transfered,25910,W,683945
277917580,3/22/2020,Incentive,27161,D,78327
260874582,3/20/2020,Online-Shopping,9035,W,532180
488540177,3/18/2020,Friend,8394,D,709855
488540177,3/17/2020,Bank-transfered,10562,W,701461
260874582,3/14/2020,Fuel,16514,W,541215
411482222,3/14/2020,Rent-payment,30897,W,911967
411482222,3/13/2020,Other,33556,W,942864
488540177,3/10/2020,Incentive,39104,D,712023
279806772,3/10/2020,Credit-bill,36502,W,1509557
279806772,3/10/2020,Salary,22908,D,1532465
277917580,3/7/2020,Rent-payment,49724,W,51166
279806772,3/7/2020,Friend,48196,D,1546059
277917580,3/6/2020,Salary,28306,D,100890
260874582,3/6/2020,Other,40298,W,557729
279806772,3/6/2020,Other,49533,D,1497863
277917580,3/5/2020,Bank-transfered,41013,W,72584
411482222,3/5/2020,Rent-payment,36867,W,976420
279806772,3/5/2020,Other,4988,D,1448330
260874582,2/25/2020,Friend,9837,D,598027
411482222,2/25/2020,Other,32677,D,1013287
279806772,2/25/2020,Friend,19251,D,1443342
488540177,2/22/2020,Other,29354,D,672919
411482222,2/21/2020,Other,26675,D,980610
277917580,2/20/2020,Incentive,35662,D,72513
277917580,2/20/2020,Friend,41084,D,113597
411482222,2/19/2020,Salary,28952,D,953935
279806772,2/19/2020,Bank-transfered,2271,W,1424091
260874582,2/18/2020,Other,19336,W,588190
411482222,2/17/2020,Bank-transfered,14858,W,924983
260874582,2/16/2020,Other,26340,D,607526
411482222,2/16/2020,Other,8908,W,939841
279806772,2/16/2020,Incentive,17912,D,1426362
411482222,2/15/2020,Salary,9973,D,948749
260874582,2/14/2020,Friend,39552,D,581186
260874582,2/12/2020,Fuel,3037,W,541634
277917580,2/10/2020,Other,19169,D,74608
277917580,2/10/2020,Online-Shopping,37757,W,36851
260874582,2/10/2020,Credit-bill,7404,W,544671
488540177,2/10/2020,Bank-transfered,35512,W,643565
260874582,2/7/2020,Rent-payment,12446,W,552075
411482222,2/7/2020,Salary,23146,D,938776
277917580,2/6/2020,Bank-transfered,47387,W,55439
260874582,2/5/2020,Fuel,3056,W,564521
279806772,2/1/2020,Rent-payment,16309,W,1423112
279806772,2/1/2020,Rent-payment,14662,W,1408450
411482222,1/30/2020,Online-Shopping,43482,W,915630
411482222,1/29/2020,Salary,30154,D,959112
488540177,1/28/2020,Friend,2954,D,679077
260874582,1/27/2020,Friend,41588,D,567577
279806772,1/27/2020,Incentive,33962,D,1401276
279806772,1/27/2020,Incentive,38145,D,1439421
260874582,1/26/2020,Salary,14039,D,525989
277917580,1/24/2020,Friend,22692,D,102826
260874582,1/23/2020,Online-Shopping,14843,W,511950
411482222,1/23/2020,Salary,32869,D,928958
277917580,1/19/2020,Fuel,48780,W,80134
411482222,1/17/2020,Credit-bill,33933,W,896089
279806772,1/17/2020,Fuel,47308,W,1367314
411482222,1/16/2020,Credit-bill,12674,W,930022
277917580,1/15/2020,Online-Shopping,1581,W,128914
279806772,1/13/2020,Salary,16584,D,1414622
260874582,1/10/2020,Salary,49499,D,526793
488540177,1/10/2020,Online-Shopping,48076,W,676123
277917580,1/9/2020,Other,44744,W,130495
277917580,1/7/2020,Credit-bill,13891,W,175239
488540177,1/5/2020,Friend,30955,D,724199
411482222,1/2/2020,Rent-payment,26978,W,942696
260874582,12/31/2019,Other,9636,W,477294
277917580,12/30/2019,Incentive,9287,D,189130
277917580,12/27/2019,Incentive,3930,D,179843
260874582,12/27/2019,Rent-payment,7118,W,486930
277917580,12/26/2019,Bank-transfered,21982,W,175913
279806772,12/26/2019,Incentive,44880,D,1398038
277917580,12/24/2019,Friend,35780,D,197895
260874582,12/22/2019,Online-Shopping,29380,W,494048
279806772,12/22/2019,Rent-payment,15558,W,1353158
279806772,12/21/2019,Salary,43980,D,1368716
411482222,12/18/2019,Salary,18696,D,980448
411482222,12/18/2019,Bank-transfered,10774,W,969674
279806772,12/17/2019,Other,7890,D,1324736
488540177,12/15/2019,Other,29300,D,693244
260874582,12/13/2019,Incentive,9326,D,523428
488540177,12/13/2019,Other,11965,W,663944
411482222,12/11/2019,Rent-payment,15957,W,961752
260874582,12/8/2019,Salary,37643,D,514102
279806772,12/7/2019,Other,49307,D,1316846
260874582,12/6/2019,Other,46075,D,501110
260874582,12/6/2019,Online-Shopping,24651,W,476459
260874582,12/5/2019,Friend,5672,D,455035
277917580,12/3/2019,Salary,4987,D,162115
411482222,12/3/2019,Salary,36803,D,977709
277917580,12/1/2019,Incentive,21624,D,157128
260874582,12/1/2019,Other,3690,D,449363
277917580,11/29/2019,Bank-transfered,5618,W,135504
277917580,11/27/2019,Bank-transfered,31369,W,141122
260874582,11/26/2019,Friend,42955,D,445673
411482222,11/26/2019,Other,6930,D,940906
411482222,11/25/2019,Credit-bill,14865,W,933976
260874582,11/23/2019,Other,1774,D,402718
488540177,11/20/2019,Friend,35385,D,675909
277917580,11/19/2019,Other,25542,D,172491
260874582,11/18/2019,Rent-payment,26893,W,432635
260874582,11/18/2019,Online-Shopping,31691,W,400944
488540177,11/17/2019,Other,9482,D,640524
277917580,11/15/2019,Online-Shopping,45312,W,146949
277917580,11/14/2019,Salary,16291,D,192261
260874582,11/13/2019,Friend,33161,D,459528
411482222,11/13/2019,Incentive,20881,D,948841
488540177,11/11/2019,Bank-transfered,17061,W,631042
260874582,11/9/2019,Rent-payment,31088,W,426367
411482222,11/9/2019,Other,37055,W,927960
488540177,11/7/2019,Salary,23784,D,648103
488540177,11/4/2019,Friend,17354,D,624319
279806772,11/3/2019,Friend,28774,D,1267539
411482222,10/31/2019,Friend,34131,D,965015
488540177,10/30/2019,Rent-payment,19150,W,599362
488540177,10/30/2019,Salary,7603,D,606965
279806772,10/28/2019,Friend,5083,D,1238765
260874582,10/26/2019,Friend,31924,D,457455
411482222,10/25/2019,Other,40065,D,930884
277917580,10/24/2019,Salary,23603,D,175970
260874582,10/24/2019,Fuel,42002,W,425531
277917580,10/19/2019,Credit-bill,10662,W,152367
260874582,10/16/2019,Salary,14036,D,467533
488540177,10/16/2019,Fuel,27236,W,618512
260874582,10/15/2019,Friend,24577,D,453497
488540177,10/14/2019,Friend,14652,D,645748
260874582,10/10/2019,Friend,40183,D,428920
260874582,10/8/2019,Salary,38496,D,388737
279806772,10/8/2019,Fuel,26420,W,1233682
260874582,10/7/2019,Credit-bill,14640,W,350241
279806772,10/7/2019,Other,6067,D,1260102
277917580,10/6/2019,Fuel,22829,W,163029
488540177,10/5/2019,Bank-transfered,35028,W,631096
488540177,10/3/2019,Online-Shopping,26739,W,666124
411482222,9/30/2019,Incentive,28878,D,890819
260874582,9/29/2019,Credit-bill,15835,W,364881
488540177,9/29/2019,Salary,30967,D,692863
260874582,9/28/2019,Bank-transfered,34099,W,380716
411482222,9/28/2019,Incentive,44524,D,861941
488540177,9/28/2019,Salary,25804,D,661896
277917580,9/27/2019,Salary,33067,D,185858
260874582,9/23/2019,Incentive,46697,D,414815
279806772,9/22/2019,Other,18094,D,1254035
277917580,9/19/2019,Rent-payment,39168,W,152791
279806772,9/19/2019,Incentive,39416,D,1235941
277917580,9/16/2019,Credit-bill,47355,W,191959
277917580,9/14/2019,Credit-bill,44526,W,239314
279806772,9/12/2019,Salary,1114,D,1196525
411482222,9/11/2019,Rent-payment,19482,W,817417
260874582,9/7/2019,Other,34516,D,368118
488540177,9/4/2019,Incentive,39722,D,636092
277917580,9/2/2019,Credit-bill,8094,W,283840
411482222,9/1/2019,Incentive,10856,D,836899
277917580,8/30/2019,Online-Shopping,33396,W,291934
279806772,8/29/2019,Incentive,8595,D,1195411
277917580,8/26/2019,Other,24944,W,325330
411482222,8/24/2019,Fuel,28869,W,826043
277917580,8/20/2019,Salary,5568,D,350274
488540177,8/20/2019,Other,11175,D,596370
488540177,8/18/2019,Rent-payment,13469,W,585195
277917580,8/17/2019,Bank-transfered,49300,W,344706
411482222,8/11/2019,Incentive,43332,D,854912
279806772,8/10/2019,Incentive,2131,D,1186816
411482222,8/8/2019,Bank-transfered,41361,W,811580
260874582,8/7/2019,Salary,42894,D,333602
488540177,8/6/2019,Fuel,32547,W,598664
411482222,7/28/2019,Other,31707,W,852941
277917580,7/27/2019,Salary,12263,D,394006
411482222,7/27/2019,Incentive,22710,D,884648
488540177,7/27/2019,Friend,10811,D,631211
279806772,7/27/2019,Credit-bill,11537,W,1184685
277917580,7/26/2019,Incentive,27081,D,381743
277917580,7/23/2019,Online-Shopping,35082,W,354662
488540177,7/23/2019,Bank-transfered,1724,W,620400
411482222,7/22/2019,Other,14899,D,861938
488540177,7/22/2019,Other,7000,D,622124
260874582,7/21/2019,Other,41892,D,254935
260874582,7/21/2019,Friend,35773,D,290708
488540177,7/16/2019,Other,10674,W,615124
488540177,7/14/2019,Credit-bill,8808,W,625798
411482222,7/12/2019,Bank-transfered,43068,W,847039
411482222,7/11/2019,Other,12769,D,890107
279806772,7/9/2019,Credit-bill,17773,W,1196222
488540177,7/8/2019,Incentive,6064,D,634606
488540177,7/6/2019,Fuel,17011,W,628542
277917580,7/5/2019,Online-Shopping,47239,W,389744
279806772,7/5/2019,Incentive,25819,D,1213995
277917580,7/3/2019,Bank-transfered,30777,W,436983
488540177,7/3/2019,Salary,39264,D,645553
279806772,7/3/2019,Friend,42906,D,1188176
279806772,7/2/2019,Incentive,12904,D,1145270
488540177,6/30/2019,Incentive,14460,D,606289
279806772,6/29/2019,Bank-transfered,21702,W,1132366
277917580,6/28/2019,Salary,40687,D,467760
279806772,6/27/2019,Other,32460,W,1154068
411482222,6/23/2019,Salary,13203,D,877338
279806772,6/23/2019,Other,18215,D,1186528
277917580,6/20/2019,Incentive,48538,D,427073
277917580,6/18/2019,Bank-transfered,46346,W,378535
279806772,6/18/2019,Other,1226,D,1168313
488540177,6/17/2019,Incentive,48901,D,591829
260874582,6/15/2019,Friend,14178,D,213043
277917580,6/12/2019,Other,4521,W,411060
277917580,6/12/2019,Friend,13821,D,424881
411482222,6/12/2019,Other,49149,D,864135
488540177,6/12/2019,Rent-payment,12029,W,542928
277917580,6/10/2019,Other,4314,D,415581
277917580,6/8/2019,Friend,34114,D,420339
277917580,6/8/2019,Online-Shopping,9072,W,411267
411482222,6/8/2019,Other,21136,W,814986
488540177,6/6/2019,Incentive,30740,D,554957
260874582,6/5/2019,Other,17660,D,198865
277917580,6/4/2019,Online-Shopping,46346,W,386225
279806772,6/4/2019,Incentive,46878,D,1167087
277917580,6/1/2019,Other,26162,D,432571
488540177,6/1/2019,Bank-transfered,43465,W,524217
277917580,5/28/2019,Rent-payment,45231,W,406409
488540177,5/28/2019,Incentive,31878,D,567682
260874582,5/26/2019,Other,19166,W,181205
488540177,5/26/2019,Salary,35909,D,535804
277917580,5/25/2019,Incentive,35600,D,451640
277917580,5/24/2019,Bank-transfered,42813,W,416040
260874582,5/24/2019,Other,39758,W,200371
411482222,5/24/2019,Friend,21422,D,836122
277917580,5/23/2019,Online-Shopping,2748,W,458853
279806772,5/21/2019,Friend,43251,D,1120209
260874582,5/20/2019,Online-Shopping,31077,W,240129
488540177,5/20/2019,Online-Shopping,32391,W,499895
277917580,5/19/2019,Friend,38213,D,461601
488540177,5/18/2019,Other,29841,D,532286
411482222,5/17/2019,Credit-bill,46503,W,814700
488540177,5/17/2019,Rent-payment,10205,W,502445
411482222,5/16/2019,Friend,6880,D,861203
277917580,5/15/2019,Other,4633,D,423388
260874582,5/14/2019,Online-Shopping,37902,W,271206
260874582,5/13/2019,Other,10948,D,309108
411482222,5/13/2019,Other,33830,W,854323
277917580,5/10/2019,Friend,44095,D,418755
279806772,5/9/2019,Friend,47172,D,1076958
260874582,5/8/2019,Online-Shopping,1162,W,298160
411482222,5/8/2019,Fuel,29579,W,888153
260874582,5/6/2019,Salary,46259,D,299322
277917580,5/5/2019,Other,7467,D,374660
411482222,5/5/2019,Rent-payment,3545,W,889075
411482222,5/5/2019,Other,28657,D,917732
277917580,5/4/2019,Salary,6284,D,367193
411482222,5/4/2019,Credit-bill,23257,W,892620
277917580,5/3/2019,Bank-transfered,9962,W,360909
260874582,4/30/2019,Incentive,11736,D,253063
411482222,4/29/2019,Other,8901,W,915877
488540177,4/29/2019,Friend,24322,D,512650
411482222,4/28/2019,Credit-bill,22220,W,924778
277917580,4/27/2019,Rent-payment,2457,W,370871
279806772,4/25/2019,Other,5625,W,1029786
488540177,4/22/2019,Incentive,23176,D,488328
279806772,4/22/2019,Bank-transfered,6998,W,1035411
260874582,4/21/2019,Incentive,12782,D,241327
277917580,4/20/2019,Other,19213,D,373328
279806772,4/20/2019,Bank-transfered,8946,W,1042409
260874582,4/17/2019,Salary,21320,D,228545
279806772,4/14/2019,Online-Shopping,43366,W,1051355
260874582,4/13/2019,Incentive,40671,D,207225
411482222,4/13/2019,Fuel,28751,W,946998
277917580,4/9/2019,Other,39527,W,354115
277917580,4/7/2019,Incentive,12455,D,393642
488540177,4/6/2019,Salary,6360,D,465152
277917580,4/4/2019,Online-Shopping,15203,W,381187
277917580,4/3/2019,Online-Shopping,11656,W,396390
279806772,4/3/2019,Incentive,37452,D,1107679
279806772,4/3/2019,Fuel,12958,W,1094721
260874582,4/2/2019,Fuel,8856,W,166554
411482222,4/2/2019,Friend,15559,D,975749
488540177,4/2/2019,Fuel,18926,W,458792
279806772,4/2/2019,Bank-transfered,17859,W,1070227
260874582,4/1/2019,Salary,20272,D,175410
411482222,3/31/2019,Friend,19263,D,960190
488540177,3/31/2019,Bank-transfered,10472,W,477718
277917580,3/28/2019,Friend,5267,D,408046
279806772,3/28/2019,Incentive,18028,D,1088086
279806772,3/26/2019,Incentive,45439,D,1070058
277917580,3/24/2019,Rent-payment,47735,W,402779
411482222,3/23/2019,Other,2114,W,940927
260874582,3/22/2019,Rent-payment,10011,W,155138
279806772,3/22/2019,Bank-transfered,46259,W,1024619
488540177,3/21/2019,Incentive,24274,D,488190
279806772,3/17/2019,Friend,8016,D,1070878
277917580,3/16/2019,Rent-payment,48161,W,450514
411482222,3/16/2019,Friend,10146,D,943041
277917580,3/15/2019,Friend,44364,D,498675
488540177,3/15/2019,Friend,46073,D,437081
488540177,3/15/2019,Salary,26835,D,463916
277917580,3/14/2019,Other,42023,D,454311
260874582,3/11/2019,Salary,18577,D,165149
488540177,3/11/2019,Incentive,14616,D,391008
279806772,3/11/2019,Other,19553,D,1062862
277917580,3/10/2019,Friend,18860,D,412288
411482222,3/10/2019,Other,24949,D,932895
277917580,3/9/2019,Incentive,7923,D,393428
279806772,3/7/2019,Other,20158,W,1054351
279806772,3/7/2019,Other,11042,W,1043309
277917580,3/5/2019,Incentive,5656,D,385505
488540177,3/4/2019,Bank-transfered,3873,W,376392
260874582,3/1/2019,Salary,2504,D,146572
411482222,2/28/2019,Fuel,7717,W,907946
411482222,2/27/2019,Other,5329,D,915663
488540177,2/26/2019,Online-Shopping,7939,W,380265
260874582,2/25/2019,Other,16055,W,144068
488540177,2/25/2019,Rent-payment,36118,W,388204
488540177,2/20/2019,Online-Shopping,9292,W,424322
277917580,2/19/2019,Friend,25182,D,379849
411482222,2/19/2019,Friend,47180,D,910334
488540177,2/19/2019,Rent-payment,38323,W,433614
260874582,2/18/2019,Salary,13610,D,160123
279806772,2/18/2019,Friend,10847,D,1074509
260874582,2/17/2019,Fuel,30480,W,146513
279806772,2/16/2019,Online-Shopping,11714,W,1063662
260874582,2/14/2019,Bank-transfered,43931,W,176993
279806772,2/13/2019,Salary,31741,D,1075376
279806772,2/12/2019,Rent-payment,23329,W,1043635
277917580,2/10/2019,Salary,36421,D,355641
277917580,2/10/2019,Friend,35473,D,391114
277917580,2/10/2019,Bank-transfered,36447,W,354667
260874582,2/8/2019,Rent-payment,13958,W,220924
277917580,2/7/2019,Bank-transfered,49785,W,319220
411482222,2/6/2019,Online-Shopping,9386,W,863154
279806772,2/6/2019,Other,4940,D,1066964
279806772,2/5/2019,Incentive,15927,D,1030376
279806772,2/5/2019,Incentive,31648,D,1062024
279806772,2/3/2019,Salary,25957,D,1014449
411482222,2/2/2019,Fuel,40333,W,872540
411482222,2/1/2019,Other,38598,W,912873
488540177,1/31/2019,Bank-transfered,49674,W,471937
488540177,1/30/2019,Other,44882,D,521611
279806772,1/27/2019,Online-Shopping,3544,W,1003946
279806772,1/27/2019,Rent-payment,15454,W,988492
260874582,1/26/2019,Rent-payment,37863,W,234882
277917580,1/25/2019,Fuel,17036,W,369005
277917580,1/24/2019,Other,45854,W,386041
488540177,1/23/2019,Incentive,34144,D,476729
260874582,1/20/2019,Rent-payment,42184,W,272745
411482222,1/20/2019,Salary,32408,D,951471
488540177,1/17/2019,Incentive,13650,D,442585
260874582,1/15/2019,Fuel,15389,W,314929
411482222,1/14/2019,Incentive,38514,D,919063
488540177,1/14/2019,Other,11176,W,428935
260874582,1/13/2019,Other,42680,W,330318
411482222,1/13/2019,Incentive,20391,D,880549
488540177,1/13/2019,Fuel,24634,W,440111
260874582,1/11/2019,Fuel,25898,W,372998
277917580,1/10/2019,Bank-transfered,8480,W,431895
279806772,1/7/2019,Bank-transfered,3437,W,1007490
488540177,1/4/2019,Other,14834,D,464745
260874582,1/2/2019,Incentive,44869,D,398896
488540177,1/1/2019,Other,14320,D,427110
488540177,1/1/2019,Incentive,22801,D,449911
277917580,12/31/2018,Other,47328,D,440375
277917580,12/29/2018,Other,39108,D,393047
488540177,12/29/2018,Rent-payment,25836,W,412790
277917580,12/28/2018,Bank-transfered,14646,W,353939
277917580,12/27/2018,Friend,37008,D,368585
411482222,12/27/2018,Friend,15888,D,872501
411482222,12/27/2018,Fuel,12343,W,860158
488540177,12/22/2018,Rent-payment,21106,W,438626
277917580,12/18/2018,Other,44776,D,331577
277917580,12/16/2018,Rent-payment,26465,W,286801
411482222,12/16/2018,Incentive,1566,D,856613
411482222,12/14/2018,Other,37967,D,855047
279806772,12/14/2018,Other,34210,W,1010927
260874582,12/11/2018,Friend,29051,D,354027
488540177,12/9/2018,Other,5166,D,459732
279806772,12/8/2018,Incentive,23476,D,1045137
277917580,12/7/2018,Friend,36982,D,313266
279806772,12/7/2018,Online-Shopping,23090,W,1021661
277917580,12/6/2018,Online-Shopping,39801,W,276284
411482222,12/6/2018,Rent-payment,38349,W,817080
488540177,12/6/2018,Other,18669,W,454566
411482222,12/3/2018,Incentive,33886,D,855429
488540177,12/2/2018,Rent-payment,25546,W,473235
411482222,11/30/2018,Friend,14460,D,821543
279806772,11/28/2018,Incentive,11943,D,1044751
411482222,11/26/2018,Friend,22903,D,807083
488540177,11/26/2018,Bank-transfered,35051,W,498781
411482222,11/24/2018,Bank-transfered,18090,W,784180
488540177,11/24/2018,Credit-bill,25253,W,533832
279806772,11/23/2018,Other,38920,D,1032808
260874582,11/22/2018,Credit-bill,29051,W,300801
260874582,11/22/2018,Friend,24175,D,324976
277917580,11/21/2018,Other,7765,D,316085
411482222,11/20/2018,Bank-transfered,11284,W,802270
411482222,11/19/2018,Rent-payment,12166,W,813554
279806772,11/19/2018,Incentive,40934,D,993888
411482222,11/17/2018,Fuel,20516,W,825720
260874582,11/15/2018,Credit-bill,24284,W,329852
279806772,11/12/2018,Other,46103,W,952954
260874582,11/11/2018,Other,34930,W,354136
411482222,11/10/2018,Other,13376,D,846236
411482222,11/9/2018,Other,35307,W,832860
411482222,11/6/2018,Salary,21044,D,868167
277917580,11/4/2018,Other,48817,W,283487
277917580,11/4/2018,Other,24833,D,308320
260874582,11/4/2018,Other,12406,D,389066
277917580,11/1/2018,Salary,2191,D,332304
411482222,11/1/2018,Other,4260,D,847123
488540177,11/1/2018,Other,27250,D,559085
488540177,10/28/2018,Bank-transfered,37605,W,531835
277917580,10/27/2018,Fuel,21032,W,330113
411482222,10/26/2018,Bank-transfered,10539,W,842863
488540177,10/25/2018,Other,47590,D,569440
411482222,10/24/2018,Salary,2401,D,853402
488540177,10/24/2018,Other,36631,D,521850
277917580,10/22/2018,Online-Shopping,32563,W,351145
260874582,10/22/2018,Salary,8492,D,343584
260874582,10/22/2018,Other,33076,D,376660
488540177,10/22/2018,Incentive,35438,D,485219
277917580,10/21/2018,Rent-payment,11437,W,383708
488540177,10/21/2018,Online-Shopping,7986,W,449781
277917580,10/20/2018,Fuel,45027,W,395145
279806772,10/20/2018,Friend,17354,D,999057
277917580,10/19/2018,Salary,35463,D,440172
260874582,10/18/2018,Other,4192,D,335092
277917580,10/14/2018,Friend,28047,D,404709
411482222,10/14/2018,Bank-transfered,39849,W,851001
279806772,10/14/2018,Other,14126,D,981703
277917580,10/13/2018,Online-Shopping,7847,W,376662
279806772,10/13/2018,Friend,35499,D,967577
260874582,10/12/2018,Online-Shopping,5931,W,330900
279806772,10/12/2018,Other,24551,D,932078
279806772,10/10/2018,Other,22707,D,907527
277917580,10/8/2018,Friend,24905,D,384509
411482222,10/8/2018,Friend,5492,D,890850
279806772,10/8/2018,Salary,3017,D,884820
260874582,10/7/2018,Rent-payment,1536,W,336831
411482222,10/7/2018,Fuel,18858,W,885358
488540177,10/7/2018,Friend,37667,D,457767
279806772,10/7/2018,Salary,49950,D,881803
260874582,10/6/2018,Friend,26265,D,338367
277917580,10/3/2018,Other,43560,D,359604
260874582,10/3/2018,Rent-payment,47933,W,312102
279806772,10/3/2018,Incentive,36198,D,831853
411482222,9/30/2018,Other,45974,D,904216
277917580,9/29/2018,Credit-bill,33919,W,316044
488540177,9/29/2018,Other,22019,W,420100
277917580,9/28/2018,Salary,2843,D,349963
279806772,9/28/2018,Rent-payment,4954,W,795655
488540177,9/26/2018,Credit-bill,49835,W,442119
279806772,9/26/2018,Other,22437,D,800609
277917580,9/24/2018,Online-Shopping,25769,W,347120
260874582,9/24/2018,Friend,7890,D,360035
279806772,9/24/2018,Online-Shopping,24068,W,778172
488540177,9/23/2018,Credit-bill,7137,W,491954
279806772,9/23/2018,Incentive,24810,D,802240
277917580,9/21/2018,Bank-transfered,4436,W,372889
277917580,9/16/2018,Other,22746,D,381725
277917580,9/16/2018,Credit-bill,4400,W,377325
260874582,9/16/2018,Salary,4196,D,360787
260874582,9/16/2018,Rent-payment,8642,W,352145
260874582,9/13/2018,Other,46012,W,356591
411482222,9/12/2018,Fuel,41306,W,858242
488540177,9/11/2018,Online-Shopping,36498,W,499091
277917580,9/9/2018,Other,30527,D,358979
411482222,9/8/2018,Bank-transfered,25464,W,899548
488540177,9/8/2018,Salary,37929,D,535589
488540177,9/6/2018,Other,7384,W,497660
260874582,9/5/2018,Credit-bill,20244,W,402603
279806772,9/4/2018,Other,49227,D,777430
260874582,9/2/2018,Other,37946,W,422847
411482222,9/2/2018,Credit-bill,45195,W,925012
279806772,9/1/2018,Fuel,7648,W,728203
411482222,8/31/2018,Other,41403,W,970207
260874582,8/30/2018,Other,12872,W,460793
411482222,8/29/2018,Other,3626,D,1011610
277917580,8/27/2018,Bank-transfered,2828,W,323359
277917580,8/27/2018,Rent-payment,38390,W,284969
277917580,8/27/2018,Friend,43483,D,328452
488540177,8/27/2018,Salary,21698,D,505044
260874582,8/24/2018,Rent-payment,11117,W,473665
279806772,8/22/2018,Rent-payment,33603,W,741216
279806772,8/22/2018,Fuel,5365,W,735851
277917580,8/21/2018,Incentive,35637,D,326187
411482222,8/20/2018,Other,10278,D,1007984
260874582,8/17/2018,Other,42223,W,484782
488540177,8/13/2018,Rent-payment,8265,W,483346
277917580,8/12/2018,Incentive,35859,D,290550
260874582,8/8/2018,Bank-transfered,32590,W,527005
279806772,8/8/2018,Other,33810,W,774819
277917580,8/7/2018,Other,17297,W,282443
277917580,8/7/2018,Bank-transfered,27752,W,254691
411482222,8/4/2018,Other,34475,W,997706
488540177,8/4/2018,Other,21205,D,491611
260874582,8/1/2018,Friend,11002,D,559595
260874582,7/31/2018,Fuel,31300,W,548593
488540177,7/31/2018,Incentive,41881,D,470406
260874582,7/30/2018,Bank-transfered,43095,W,579893
260874582,7/29/2018,Incentive,47695,D,622988
411482222,7/29/2018,Incentive,24595,D,1032181
488540177,7/29/2018,Incentive,22357,D,428525
279806772,7/28/2018,Other,32485,D,808629
488540177,7/26/2018,Rent-payment,32674,W,406168
279806772,7/25/2018,Salary,35366,D,776144
279806772,7/23/2018,Other,47327,D,740778
411482222,7/22/2018,Fuel,43595,W,1007586
279806772,7/22/2018,Other,7160,D,693451
260874582,7/21/2018,Incentive,35108,D,575293
411482222,7/21/2018,Fuel,42796,W,1051181
260874582,7/19/2018,Fuel,33388,W,540185
488540177,7/18/2018,Other,40898,D,438842
277917580,7/16/2018,Rent-payment,1316,W,299740
488540177,7/16/2018,Incentive,34849,D,397944
411482222,7/15/2018,Other,22703,W,1093977
488540177,7/15/2018,Incentive,17578,D,363095
260874582,7/14/2018,Friend,2025,D,582349
260874582,7/14/2018,Online-Shopping,8776,W,573573
277917580,7/13/2018,Online-Shopping,17208,W,301056
260874582,7/12/2018,Salary,14051,D,580324
488540177,7/12/2018,Online-Shopping,38540,W,301699
488540177,7/12/2018,Salary,43818,D,345517
279806772,7/11/2018,Other,3306,D,686291
411482222,7/10/2018,Incentive,46812,D,1145431
411482222,7/10/2018,Rent-payment,28751,W,1116680
279806772,7/7/2018,Credit-bill,41877,W,682985
488540177,7/6/2018,Credit-bill,3949,W,340239
277917580,6/29/2018,Other,4014,D,318264
488540177,6/28/2018,Online-Shopping,2607,W,344188
277917580,6/27/2018,Rent-payment,28493,W,314250
260874582,6/25/2018,Friend,21922,D,566273
411482222,6/25/2018,Online-Shopping,4740,W,1098619
488540177,6/25/2018,Incentive,21814,D,346795
279806772,6/24/2018,Online-Shopping,49309,W,724862
277917580,6/22/2018,Incentive,15467,D,342743
488540177,6/22/2018,Other,37260,D,324981
260874582,6/17/2018,Incentive,27719,D,544351
488540177,6/17/2018,Friend,33597,D,287721
411482222,6/15/2018,Credit-bill,11195,W,1103359
277917580,6/14/2018,Fuel,15053,W,327276
260874582,6/13/2018,Fuel,17109,W,516632
279806772,6/12/2018,Fuel,22467,W,774171
277917580,6/11/2018,Incentive,31807,D,342329
260874582,6/11/2018,Online-Shopping,44616,W,533741
488540177,6/10/2018,Fuel,13299,W,254124
260874582,6/9/2018,Other,42819,D,578357
279806772,6/9/2018,Bank-transfered,39293,W,796638
488540177,6/8/2018,Friend,13264,D,267423
277917580,6/6/2018,Fuel,15307,W,310522
277917580,6/5/2018,Incentive,34951,D,325829
279806772,6/5/2018,Online-Shopping,2805,W,835931
260874582,6/1/2018,Other,48755,W,535538
411482222,5/31/2018,Other,18245,D,1082994
411482222,5/31/2018,Salary,31560,D,1114554
411482222,5/30/2018,Incentive,27962,D,1085934
411482222,5/30/2018,Bank-transfered,21185,W,1064749
277917580,5/29/2018,Bank-transfered,26143,W,290878
260874582,5/28/2018,Online-Shopping,27826,W,570152
260874582,5/28/2018,Friend,14141,D,584293
279806772,5/28/2018,Fuel,42812,W,838736
279806772,5/26/2018,Salary,49044,D,881548
260874582,5/22/2018,Credit-bill,2618,W,597978
488540177,5/21/2018,Other,36054,D,254159
277917580,5/20/2018,Friend,23594,D,317021
260874582,5/20/2018,Rent-payment,3340,W,600596
260874582,5/16/2018,Other,3417,D,603936
260874582,5/14/2018,Other,47792,D,600519
277917580,5/12/2018,Incentive,21463,D,293427
277917580,5/11/2018,Rent-payment,43383,W,271964
411482222,5/11/2018,Other,21944,D,1057972
260874582,5/10/2018,Friend,35631,D,552727
277917580,5/9/2018,Other,45704,D,315347
411482222,5/9/2018,Friend,29714,D,1036028
279806772,5/9/2018,Friend,1784,D,832504
488540177,5/7/2018,Friend,16795,D,218105
411482222,5/6/2018,Other,11798,D,1006314
260874582,5/5/2018,Credit-bill,16277,W,517096
488540177,5/4/2018,Other,5625,W,201310
279806772,5/4/2018,Credit-bill,48136,W,830720
277917580,5/2/2018,Incentive,13834,D,269643
260874582,5/1/2018,Other,24777,W,533373
411482222,4/29/2018,Salary,2817,D,951871
411482222,4/29/2018,Incentive,42645,D,994516
411482222,4/27/2018,Fuel,3089,W,949054
488540177,4/25/2018,Incentive,22726,D,163482
488540177,4/25/2018,Other,43453,D,206935
488540177,4/21/2018,Fuel,40792,W,140756
279806772,4/20/2018,Other,44796,D,878856
411482222,4/19/2018,Friend,38424,D,952143
277917580,4/16/2018,Online-Shopping,36899,W,255809
488540177,4/16/2018,Other,32416,D,181548
277917580,4/11/2018,Friend,29271,D,292708
260874582,4/11/2018,Salary,1103,D,558150
488540177,4/11/2018,Fuel,14798,W,149132
279806772,4/11/2018,Incentive,1113,D,834060
277917580,4/9/2018,Incentive,28531,D,263437
277917580,4/8/2018,Rent-payment,17325,W,234906
260874582,4/8/2018,Rent-payment,25991,W,557047
411482222,4/7/2018,Salary,31772,D,913719
488540177,4/5/2018,Credit-bill,33609,W,163930
279806772,4/5/2018,Friend,1046,D,832947
279806772,4/4/2018,Incentive,49219,D,831901
260874582,4/3/2018,Bank-transfered,8996,W,583038
277917580,4/2/2018,Friend,40742,D,252231
279806772,3/31/2018,Other,24690,D,782682
277917580,3/27/2018,Other,13379,D,211489
279806772,3/25/2018,Credit-bill,9106,W,757992
411482222,3/24/2018,Other,20976,D,881947
277917580,3/23/2018,Salary,47301,D,198110
260874582,3/21/2018,Other,17459,W,592034
279806772,3/21/2018,Friend,26482,D,767098
260874582,3/19/2018,Friend,44875,D,609493
488540177,3/19/2018,Salary,43505,D,197539
260874582,3/18/2018,Bank-transfered,34381,W,564618
260874582,3/17/2018,Incentive,44501,D,598999
411482222,3/15/2018,Salary,39494,D,860971
279806772,3/15/2018,Incentive,40323,D,740616
277917580,3/14/2018,Fuel,22069,W,150809
488540177,3/13/2018,Credit-bill,31679,W,154034
277917580,3/11/2018,Bank-transfered,46402,W,172878
260874582,3/9/2018,Other,38014,D,554498
411482222,3/9/2018,Incentive,12129,D,787562
411482222,3/9/2018,Friend,33915,D,821477
277917580,3/8/2018,Fuel,34534,W,219280
488540177,3/8/2018,Incentive,29535,D,185713
260874582,3/4/2018,Credit-bill,20577,W,516484
411482222,3/4/2018,Other,47717,D,775433
260874582,3/2/2018,Fuel,31325,W,537061
411482222,3/2/2018,Bank-transfered,20094,W,727716
279806772,3/2/2018,Online-Shopping,13436,W,700293
277917580,3/1/2018,Salary,4811,D,253814
488540177,3/1/2018,Salary,9058,D,153540
488540177,3/1/2018,Friend,2638,D,156178
277917580,2/26/2018,Online-Shopping,37124,W,238552
277917580,2/26/2018,Incentive,10451,D,249003
488540177,2/24/2018,Incentive,13838,D,144482
260874582,2/23/2018,Incentive,25182,D,568386
411482222,2/23/2018,Bank-transfered,13538,W,747810
279806772,2/23/2018,Other,25245,D,713729
260874582,2/21/2018,Other,35054,D,543204
279806772,2/19/2018,Friend,26301,D,688484
260874582,2/18/2018,Salary,23535,D,550717
260874582,2/18/2018,Online-Shopping,42567,W,508150
411482222,2/18/2018,Other,28417,D,761348
277917580,2/16/2018,Bank-transfered,20913,W,275676
260874582,2/16/2018,Bank-transfered,3925,W,527182
279806772,2/15/2018,Other,36170,D,662183
488540177,2/13/2018,Other,42012,W,154492
488540177,2/13/2018,Bank-transfered,11026,W,143466
488540177,2/13/2018,Credit-bill,12822,W,130644
411482222,2/12/2018,Fuel,2811,W,732931
279806772,2/10/2018,Friend,3215,D,626013
277917580,2/9/2018,Other,10211,D,296589
411482222,2/8/2018,Incentive,7352,D,735742
277917580,2/7/2018,Fuel,30594,W,286378
411482222,2/7/2018,Other,15789,W,728390
279806772,2/7/2018,Salary,44910,D,622798
411482222,2/5/2018,Other,38246,D,744179
488540177,2/5/2018,Friend,9000,D,196504
277917580,2/4/2018,Other,33042,D,347970
277917580,2/4/2018,Online-Shopping,30998,W,316972
488540177,2/4/2018,Other,46492,W,187504
411482222,2/3/2018,Fuel,13431,W,705933
279806772,2/3/2018,Fuel,2101,W,577888
277917580,2/2/2018,Friend,11248,D,314928
488540177,2/2/2018,Credit-bill,37326,W,233996
488540177,2/1/2018,Bank-transfered,27188,W,271322
277917580,1/31/2018,Incentive,14443,D,303680
277917580,1/30/2018,Other,43979,D,289237
411482222,1/28/2018,Incentive,39347,D,719364
279806772,1/28/2018,Other,20046,W,579989
488540177,1/27/2018,Other,6907,D,298510
488540177,1/26/2018,Fuel,25082,W,291603
411482222,1/25/2018,Bank-transfered,37809,W,680017
260874582,1/22/2018,Other,19003,W,531107
488540177,1/21/2018,Other,48756,D,305245
488540177,1/21/2018,Friend,11440,D,316685
411482222,1/18/2018,Credit-bill,30655,W,717826
488540177,1/18/2018,Online-Shopping,43989,W,256489
279806772,1/18/2018,Friend,48760,D,600035
277917580,1/17/2018,Other,38566,D,245258
277917580,1/15/2018,Incentive,5221,D,206692
260874582,1/15/2018,Friend,36937,D,550110
411482222,1/15/2018,Credit-bill,41119,W,748481
277917580,1/14/2018,Other,27914,D,201471
488540177,1/11/2018,Other,44410,D,300478
277917580,1/9/2018,Rent-payment,47063,W,173557
260874582,1/9/2018,Other,48549,D,513173
260874582,1/7/2018,Fuel,30732,W,464624
411482222,1/7/2018,Online-Shopping,1823,W,789600
260874582,1/6/2018,Incentive,39353,D,495356
488540177,1/5/2018,Credit-bill,19715,W,256068
277917580,1/3/2018,Friend,8144,D,220620
411482222,1/3/2018,Online-Shopping,39219,W,791423
279806772,1/3/2018,Salary,24105,D,551275
279806772,1/2/2018,Salary,49639,D,527170
411482222,1/1/2018,Other,7757,D,830642
488540177,1/1/2018,Bank-transfered,2936,W,275783
260874582,12/30/2017,Salary,27688,D,456003
277917580,12/29/2017,Friend,16558,D,212476
277917580,12/27/2017,Friend,49502,D,195918
411482222,12/23/2017,Rent-payment,26031,W,822885
260874582,12/22/2017,Incentive,5469,D,428315
260874582,12/17/2017,Friend,8740,D,422846
260874582,12/16/2017,Other,47349,D,414106
279806772,12/16/2017,Other,41667,D,477531
277917580,12/13/2017,Rent-payment,10628,W,146416
411482222,12/13/2017,Other,8871,D,848916
279806772,12/12/2017,Online-Shopping,16023,W,435864
411482222,12/11/2017,Online-Shopping,27335,W,840045
488540177,12/10/2017,Bank-transfered,45729,W,278719
279806772,12/8/2017,Credit-bill,4076,W,451887
411482222,12/7/2017,Salary,7671,D,867380
260874582,12/6/2017,Salary,42214,D,366757
260874582,12/3/2017,Credit-bill,8159,W,324543
488540177,12/3/2017,Rent-payment,10258,W,324448
488540177,12/1/2017,Credit-bill,2316,W,334706
279806772,11/24/2017,Other,14812,D,455963
279806772,11/19/2017,Rent-payment,3813,W,441151
488540177,11/18/2017,Online-Shopping,30445,W,299192
488540177,11/18/2017,Friend,37830,D,337022
279806772,11/18/2017,Incentive,41016,D,444964
279806772,11/17/2017,Friend,4914,D,403948
279806772,11/16/2017,Incentive,33230,D,399034
411482222,11/15/2017,Other,25350,W,859709
488540177,11/15/2017,Friend,38581,D,329637
411482222,11/12/2017,Rent-payment,14291,W,898338
411482222,11/12/2017,Online-Shopping,13279,W,885059
279806772,11/7/2017,Friend,5706,D,365804
279806772,11/4/2017,Incentive,47816,D,360098
488540177,11/2/2017,Other,5592,D,291056
279806772,11/2/2017,Bank-transfered,13677,W,312282
260874582,10/30/2017,Rent-payment,30256,W,332702
260874582,10/29/2017,Online-Shopping,32815,W,362958
277917580,10/28/2017,Incentive,25464,D,157044
279806772,10/24/2017,Other,3775,D,325959
277917580,10/23/2017,Other,5737,D,131580
260874582,10/23/2017,Other,46221,W,395773
411482222,10/23/2017,Friend,35299,D,912629
279806772,10/20/2017,Incentive,30048,D,322184
260874582,10/17/2017,Friend,26184,D,441994
260874582,10/16/2017,Salary,17145,D,415810
488540177,10/16/2017,Incentive,41009,D,285464
260874582,10/15/2017,Salary,39656,D,398665
411482222,10/15/2017,Other,37913,D,877330
277917580,10/14/2017,Rent-payment,40872,W,125843
488540177,10/14/2017,Salary,38787,D,244455
279806772,10/14/2017,Incentive,11654,D,292136
260874582,10/12/2017,Salary,13078,D,359009
411482222,10/12/2017,Friend,45123,D,839417
279806772,10/12/2017,Other,49153,D,280482
279806772,10/11/2017,Friend,49080,D,231329
279806772,10/9/2017,Other,33984,D,182249
488540177,10/8/2017,Other,9215,W,205668
277917580,10/7/2017,Credit-bill,3059,W,166715
411482222,10/5/2017,Credit-bill,2565,W,794294
260874582,10/4/2017,Credit-bill,44323,W,345931
260874582,10/3/2017,Friend,33306,D,390254
279806772,10/3/2017,Salary,30038,D,148265
277917580,10/2/2017,Other,35790,D,169774
411482222,10/2/2017,Incentive,11574,D,796859
411482222,10/1/2017,Friend,15526,D,785285
277917580,9/30/2017,Credit-bill,27175,W,133984
488540177,9/28/2017,Incentive,33236,D,214883
279806772,9/28/2017,Salary,33422,D,118227
279806772,9/25/2017,Fuel,16616,W,84805
277917580,9/24/2017,Bank-transfered,28118,W,161159
279806772,9/20/2017,Incentive,16563,D,101421
411482222,9/19/2017,Incentive,12790,D,769759
488540177,9/19/2017,Salary,39056,D,181647
279806772,9/19/2017,Credit-bill,35382,W,84858
277917580,9/16/2017,Rent-payment,9865,W,189277
279806772,9/16/2017,Credit-bill,46560,W,120240
488540177,9/14/2017,Incentive,36065,D,142591
277917580,9/13/2017,Incentive,17843,D,199142
260874582,9/13/2017,Fuel,29406,W,356948
488540177,9/13/2017,Online-Shopping,36179,W,106526
260874582,9/12/2017,Other,45967,D,386354
411482222,9/11/2017,Incentive,46662,D,756969
488540177,9/11/2017,Friend,9870,D,142705
279806772,9/11/2017,Salary,21173,D,166800
488540177,9/10/2017,Rent-payment,32323,W,132835
260874582,9/8/2017,Incentive,48641,D,340387
488540177,9/7/2017,Rent-payment,8432,W,165158
411482222,9/6/2017,Credit-bill,39975,W,710307
411482222,9/5/2017,Bank-transfered,27611,W,750282
411482222,9/4/2017,Bank-transfered,10791,W,777893
488540177,9/4/2017,Other,22120,D,173590
277917580,9/2/2017,Credit-bill,3414,W,181299
279806772,9/2/2017,Credit-bill,11610,W,145627
279806772,8/30/2017,Other,3044,W,157237
279806772,8/28/2017,Rent-payment,27040,W,160281
277917580,8/27/2017,Salary,28695,D,184713
277917580,8/26/2017,Friend,23553,D,156018
260874582,8/26/2017,Other,20158,W,291746
488540177,8/24/2017,Other,17093,W,151470
277917580,8/23/2017,Incentive,46528,D,142864
277917580,8/23/2017,Credit-bill,10399,W,132465
260874582,8/22/2017,Other,35155,W,311904
260874582,8/21/2017,Rent-payment,3981,W,347059
411482222,8/21/2017,Friend,3349,D,788684
277917580,8/20/2017,Salary,8600,D,96336
411482222,8/19/2017,Fuel,9927,W,785335
411482222,8/17/2017,Salary,19086,D,795262
279806772,8/17/2017,Incentive,33680,D,187321
279806772,8/15/2017,Friend,5079,D,153641
411482222,8/13/2017,Credit-bill,12428,W,776176
411482222,8/11/2017,Other,36441,D,788604
260874582,8/9/2017,Friend,28924,D,346540
260874582,8/9/2017,Salary,4500,D,351040
279806772,8/9/2017,Other,30611,D,148562
277917580,8/7/2017,Incentive,47128,D,87736
279806772,8/7/2017,Fuel,8087,W,117951
488540177,8/5/2017,Fuel,40802,W,168563
488540177,8/3/2017,Rent-payment,49409,W,209365
488540177,8/2/2017,Incentive,29397,D,258774
260874582,8/1/2017,Salary,25677,D,317616
411482222,8/1/2017,Salary,46779,D,752163
411482222,7/30/2017,Other,42805,D,705384
260874582,7/29/2017,Friend,6508,D,291939
411482222,7/28/2017,Incentive,5656,D,662579
277917580,7/26/2017,Other,12359,W,40608
260874582,7/26/2017,Credit-bill,45529,W,285431
279806772,7/25/2017,Incentive,40158,D,126038
277917580,7/22/2017,Credit-bill,9466,W,52967
411482222,7/22/2017,Salary,21525,D,656923
279806772,7/20/2017,Salary,41479,D,85880
277917580,7/19/2017,Rent-payment,8172,W,62433
260874582,7/16/2017,Fuel,40262,W,330960
260874582,7/14/2017,Other,44592,D,371222
260874582,7/13/2017,Salary,14479,D,326630
411482222,7/12/2017,Salary,32400,D,635398
260874582,7/10/2017,Incentive,6978,D,312151
277917580,7/7/2017,Fuel,32433,W,70605
488540177,7/6/2017,Other,34769,D,229377
411482222,6/29/2017,Friend,1211,D,602998
488540177,6/28/2017,Bank-transfered,1103,W,194608
279806772,6/26/2017,Rent-payment,6674,W,44401
279806772,6/25/2017,Rent-payment,15711,W,51075
260874582,6/24/2017,Friend,16183,D,305173
488540177,6/24/2017,Fuel,19804,W,195711
277917580,6/20/2017,Online-Shopping,24204,W,103038
260874582,6/20/2017,Incentive,38936,D,288990
279806772,6/20/2017,Bank-transfered,1734,W,110258
279806772,6/20/2017,Other,43472,W,66786
260874582,6/19/2017,Other,34011,W,250054
488540177,6/19/2017,Credit-bill,27864,W,215515
277917580,6/18/2017,Friend,18298,D,127242
277917580,6/16/2017,Rent-payment,25177,W,108944
277917580,6/14/2017,Credit-bill,34895,W,134121
488540177,6/14/2017,Bank-transfered,17368,W,243379
279806772,6/12/2017,Friend,37807,D,111992
279806772,6/11/2017,Other,35872,W,74185
411482222,6/10/2017,Other,29048,W,601787
411482222,6/9/2017,Online-Shopping,18811,W,602247
411482222,6/9/2017,Incentive,28588,D,630835
277917580,6/8/2017,Incentive,19698,D,169016
260874582,6/7/2017,Other,16389,W,284065
279806772,6/7/2017,Friend,3955,D,110057
488540177,6/5/2017,Other,4362,D,260747
260874582,6/3/2017,Online-Shopping,1093,W,300454
488540177,6/3/2017,Credit-bill,31808,W,256385
488540177,6/1/2017,Online-Shopping,30376,W,288193
279806772,6/1/2017,Fuel,23767,W,106102
279806772,5/31/2017,Credit-bill,42191,W,129869
260874582,5/28/2017,Other,22520,D,301547
279806772,5/24/2017,Other,14885,D,172060
277917580,5/18/2017,Credit-bill,12980,W,149318
260874582,5/15/2017,Incentive,39669,D,279027
279806772,5/15/2017,Bank-transfered,47490,W,157175
277917580,5/14/2017,Incentive,15348,D,162298
260874582,5/12/2017,Fuel,22268,W,239358
411482222,5/12/2017,Other,16221,D,621058
260874582,5/10/2017,Incentive,22844,D,261626
488540177,5/9/2017,Rent-payment,14635,W,318569
260874582,5/7/2017,Other,41524,D,238782
488540177,5/7/2017,Other,11676,W,333204
260874582,5/6/2017,Credit-bill,10559,W,197258
260874582,5/5/2017,Bank-transfered,46549,W,207817
277917580,5/4/2017,Online-Shopping,31576,W,146950
277917580,5/2/2017,Other,14241,W,178526
260874582,5/2/2017,Incentive,8122,D,254366
260874582,5/1/2017,Other,28360,D,246244
279806772,4/30/2017,Rent-payment,32401,W,204665
411482222,4/28/2017,Online-Shopping,43639,W,604837
488540177,4/28/2017,Incentive,18055,D,344880
260874582,4/27/2017,Online-Shopping,24548,W,217884
411482222,4/27/2017,Other,21210,D,648476
279806772,4/27/2017,Credit-bill,11842,W,237066
277917580,4/26/2017,Other,26228,D,192767
277917580,4/23/2017,Other,34609,W,166539
279806772,4/23/2017,Incentive,17575,D,248908
260874582,4/21/2017,Friend,18622,D,242432
260874582,4/19/2017,Other,35250,D,223810
277917580,4/17/2017,Incentive,29934,D,201148
411482222,4/15/2017,Other,16711,D,627266
279806772,4/14/2017,Fuel,34353,W,231333
411482222,4/12/2017,Other,30844,W,610555
260874582,4/11/2017,Incentive,39901,D,188560
279806772,4/11/2017,Salary,30483,D,265686
411482222,4/10/2017,Other,49769,D,641399
279806772,4/8/2017,Rent-payment,13785,W,235203
277917580,4/4/2017,Other,18584,D,171214
277917580,4/2/2017,Fuel,7280,W,152630
488540177,4/2/2017,Other,5598,W,296431
488540177,4/2/2017,Other,30394,D,326825
279806772,4/2/2017,Friend,40232,D,248988
260874582,3/27/2017,Credit-bill,5353,W,148659
277917580,3/26/2017,Other,9696,D,159910
411482222,3/24/2017,Online-Shopping,37671,W,591630
411482222,3/22/2017,Fuel,2970,W,629301
277917580,3/19/2017,Incentive,39604,D,150214
279806772,3/14/2017,Online-Shopping,38950,W,171937
279806772,3/14/2017,Other,36819,D,208756
411482222,3/11/2017,Rent-payment,16066,W,632271
488540177,3/10/2017,Salary,20055,D,302029
488540177,3/9/2017,Fuel,17650,W,281974
277917580,3/7/2017,Other,6755,D,110610
260874582,3/7/2017,Fuel,14489,W,154012
411482222,3/5/2017,Incentive,23136,D,648337
260874582,3/4/2017,Credit-bill,17297,W,168501
488540177,3/3/2017,Credit-bill,3609,W,299624
279806772,3/3/2017,Other,11419,W,210887
279806772,3/2/2017,Rent-payment,39995,W,194672
279806772,3/2/2017,Salary,27634,D,222306
260874582,2/28/2017,Bank-transfered,16378,W,185798
279806772,2/28/2017,Friend,41757,D,234667
277917580,2/27/2017,Fuel,17388,W,103855
411482222,2/27/2017,Fuel,13030,W,625201
277917580,2/25/2017,Friend,1486,D,121243
260874582,2/24/2017,Other,2419,D,202176
279806772,2/24/2017,Credit-bill,16494,W,192910
488540177,2/22/2017,Online-Shopping,42507,W,303233
411482222,2/19/2017,Salary,11342,D,638231
488540177,2/19/2017,Credit-bill,33800,W,345740
411482222,2/18/2017,Online-Shopping,40303,W,626889
277917580,2/17/2017,Incentive,40022,D,119757
279806772,2/17/2017,Bank-transfered,38263,W,171296
279806772,2/17/2017,Incentive,38108,D,209404
260874582,2/14/2017,Online-Shopping,18440,W,199757
277917580,2/11/2017,Salary,7656,D,79735
279806772,2/9/2017,Other,38705,W,209559
277917580,2/8/2017,Incentive,3177,D,72079
277917580,2/7/2017,Bank-transfered,37749,W,68902
260874582,2/6/2017,Salary,39114,D,218197
279806772,2/6/2017,Friend,31353,D,248264
411482222,2/5/2017,Credit-bill,45592,W,667192
411482222,2/3/2017,Friend,1659,D,712784
411482222,1/31/2017,Rent-payment,40490,W,711125
277917580,1/30/2017,Fuel,1217,W,106651
488540177,1/30/2017,Friend,47546,D,379540
277917580,1/29/2017,Fuel,48913,W,107868
279806772,1/25/2017,Rent-payment,22798,W,216911
277917580,1/22/2017,Rent-payment,35500,W,156781
260874582,1/22/2017,Salary,28637,D,179083
488540177,1/22/2017,Other,5977,W,331994
279806772,1/20/2017,Credit-bill,33814,W,239709
260874582,1/17/2017,Incentive,1877,D,150446
260874582,1/15/2017,Rent-payment,6856,W,148569
277917580,1/14/2017,Other,17333,W,192281
260874582,1/10/2017,Bank-transfered,28273,W,151635
260874582,1/10/2017,Salary,3790,D,155425
277917580,1/9/2017,Fuel,24499,W,180496
277917580,1/9/2017,Salary,29118,D,209614
411482222,1/8/2017,Other,16287,W,751615
411482222,1/5/2017,Rent-payment,14869,W,734076
411482222,1/5/2017,Friend,33826,D,767902
277917580,1/4/2017,Salary,35379,D,204995
260874582,1/4/2017,Online-Shopping,24375,W,179908
488540177,1/2/2017,Friend,26831,D,337971
